{"_default": {"1": {"elec1": 0.8857811689376831, "elec2": 0.49570655822753906}}}